{"cameraMode":{"drawMode":0,"name":"Shaded","section":"Shading Mode"},"sceneLighting":true,"audioPlay":false,"sceneViewState":{"m_AlwaysRefresh":false,"showFog":true,"showSkybox":true,"showFlares":true,"showImageEffects":true,"showParticleSystems":true,"showVisualEffectGraphs":true,"m_FxEnabled":true},"in2DMode":false,"pivot":{"x":0.09779191017150879,"y":2.6862428188323976,"z":6.325768947601318},"rotation":{"x":0.08092200011014939,"y":0.005623746197670698,"z":0.0009995027212426067,"w":-0.997003436088562},"size":3.644827365875244,"orthographic":false}